nbOpes,type,time
10000,local,5779923
10000,remote,98364372
10000,local,5728122
10000,remote,98847674
10000,local,5918165
10000,remote,102769397
10000,local,8571537
10000,remote,95201804
10000,local,5754760
10000,remote,98704336
10000,local,10873840
10000,remote,107617548
10000,local,6130285
10000,remote,99050378
10000,local,5814454
10000,remote,114378810
10000,local,6225260
10000,remote,102715585
10000,local,5665942
10000,remote,99670784
10000,local,5933607
10000,remote,99140793
10000,local,5830517
10000,remote,104316971
10000,local,5760117
10000,remote,98888380
10000,local,5668590
10000,remote,99721649
10000,local,5981245
10000,remote,102972847
10000,local,9009742
10000,remote,95604753
10000,local,6105689
10000,remote,99035411
10000,local,5966228
10000,remote,103318063
10000,local,6041738
10000,remote,98578442
10000,local,5693121
10000,remote,99787725
10000,local,6129024
10000,remote,103032013
10000,local,5684759
10000,remote,98246246
10000,local,5856519
10000,remote,98666170
10000,local,5801662
10000,remote,104059575
10000,local,5736145
10000,remote,98339433
10000,local,5699538
10000,remote,103321244
10000,local,6424860
10000,remote,102331818
10000,local,5647780
10000,remote,101292268
10000,local,5992254
10000,remote,99036913
10000,local,5802992
10000,remote,106316924
10000,local,5775966
10000,remote,115915676
10000,local,5666303
10000,remote,115489378
10000,local,5976597
10000,remote,102641839
10000,local,9068603
10000,remote,95667654
10000,local,5761241
10000,remote,105310051
10000,local,5937709
10000,remote,108291364
10000,local,5735773
10000,remote,98702378
10000,local,5689197
10000,remote,100123503
10000,local,5982174
10000,remote,101558927
10000,local,9295438
10000,remote,95037238
10000,local,5714279
10000,remote,100915725
10000,local,8142925
10000,remote,109075971
10000,local,5711999
10000,remote,99301247
10000,local,5887900
10000,remote,95952479
10000,local,6104196
10000,remote,103111637
10000,local,8492708
10000,remote,95240807
10000,local,5898389
10000,remote,98270729
10000,local,5958017
10000,remote,100638486
10000,local,5710582
10000,remote,100224139
10000,local,5772990
10000,remote,118988021
10000,local,5946330
10000,remote,103030838
10000,local,5955844
10000,remote,95530092
10000,local,5857949
10000,remote,99572038
10000,local,9205740
10000,remote,101038850
10000,local,5720854
10000,remote,98641679
10000,local,9067146
10000,remote,95762546
10000,local,5971099
10000,remote,107919100
10000,local,5940840
10000,remote,95254965
10000,local,5717620
10000,remote,99300298
10000,local,6087180
10000,remote,107142826
10000,local,5849348
10000,remote,98842545
10000,local,8970289
10000,remote,95745485
10000,local,5969680
10000,remote,102214439
10000,local,5886418
10000,remote,101233546
10000,local,5719460
10000,remote,98122518
10000,local,8249248
10000,remote,109672568
10000,local,5736799
10000,remote,99815147
10000,local,5996113
10000,remote,102198390
10000,local,5959684
10000,remote,110293588
10000,local,5886385
10000,remote,96245063
10000,local,5722129
10000,remote,98559382
10000,local,6121077
10000,remote,101765380
10000,local,5752941
10000,remote,99256879
10000,local,7984290
10000,remote,109322567
10000,local,5958842
10000,remote,106810474
10000,local,5835442
10000,remote,97434495
10000,local,5759698
10000,remote,101100889
10000,local,6105203
10000,remote,106769762
10000,local,5870134
10000,remote,104533786
10000,local,6006255
10000,remote,97136965
10000,local,5961818
10000,remote,103145114
10000,local,5859710
10000,remote,96524141
10000,local,5755210
10000,remote,99091792
10000,local,6058183
10000,remote,101836707
10000,local,5735302
10000,remote,99645709
10000,local,5841232
10000,remote,98449587
10000,local,5968401
10000,remote,103875128
10000,local,5653064
10000,remote,102623664
10000,local,5865261
10000,remote,99408828
10000,local,8439383
10000,remote,108275236
10000,local,5712705
10000,remote,99340158
10000,local,5899409
10000,remote,98706310
10000,local,5975557
10000,remote,102769706
10000,local,5769802
10000,remote,103833036
10000,local,5940769
10000,remote,99730815
10000,local,6068619
10000,remote,102398094
10000,local,5724353
10000,remote,107446406
10000,local,6086755
10000,remote,97443130
10000,local,5964621
10000,remote,102963878
10000,local,5666639
10000,remote,97606787
10000,local,5908999
10000,remote,98060362
10000,local,5889193
10000,remote,101595854
10000,local,8833619
10000,remote,96107891
10000,local,5651392
10000,remote,96997221
10000,local,6174217
10000,remote,102077431
10000,local,5633247
10000,remote,105532052
10000,local,8132087
10000,remote,97646794
10000,local,5825524
10000,remote,101844663
100000,local,61614948
100000,remote,1115122938
100000,local,60240878
100000,remote,1138803469
100000,local,63401744
100000,remote,1128008411
100000,local,60174992
100000,remote,1124054468
100000,local,64180832
100000,remote,1118499442
100000,local,60158174
100000,remote,1169579516
100000,local,61605671
100000,remote,1112177110
100000,local,60105666
100000,remote,1120472031
100000,local,62989658
100000,remote,1123811632
100000,local,59934855
100000,remote,1108386244
100000,local,62244059
100000,remote,1117771287
100000,local,60619409
100000,remote,1165467253
100000,local,64088539
100000,remote,1118534156
100000,local,60101932
100000,remote,1115259742
100000,local,66509988
100000,remote,1126365232
100000,local,60531785
100000,remote,1106868027
100000,local,63253707
100000,remote,1113565410
100000,local,60092139
100000,remote,1163967620
100000,local,60980916
100000,remote,1118434269
100000,local,63704002
100000,remote,1125178290
100000,local,60404133
100000,remote,1120289555
100000,local,61244228
100000,remote,1124513523
100000,local,63435467
100000,remote,1117074280
100000,local,59813860
100000,remote,1176587763
100000,local,60713492
100000,remote,1111275608
100000,local,61396817
100000,remote,1123673435
100000,local,62986969
100000,remote,1123786112
100000,local,60464361
100000,remote,1111978928
100000,local,62573283
100000,remote,1129513706
100000,local,60035547
100000,remote,1164846692
100000,local,64219487
100000,remote,1116930183
100000,local,60272249
100000,remote,1114723192
100000,local,62351327
100000,remote,1124633929
100000,local,60729777
100000,remote,1112147533
100000,local,64638769
100000,remote,1112624372
100000,local,62784079
100000,remote,1157417252
100000,local,62801690
100000,remote,1113277942
100000,local,60997101
100000,remote,1119489580
100000,local,62530105
100000,remote,1126569712
100000,local,60052758
100000,remote,1108895285
100000,local,62770941
100000,remote,1116312664
100000,local,63842069
100000,remote,1162442871
100000,local,60604222
100000,remote,1106707821
100000,local,61686700
100000,remote,1120488671
100000,local,61112463
100000,remote,1123078446
100000,local,62020346
100000,remote,1118179625
100000,local,61608970
100000,remote,1115393494
100000,local,64949442
100000,remote,1165581478
100000,local,59465792
100000,remote,1112814886
100000,local,63791547
100000,remote,1124786037
100000,local,60568474
100000,remote,1122990938
100000,local,61865014
100000,remote,1118993755
100000,local,61615861
100000,remote,1121284682
100000,local,64825443
100000,remote,1167899022
100000,local,60860765
100000,remote,1114838181
100000,local,61667609
100000,remote,1133698561
100000,local,60521175
100000,remote,1125678055
100000,local,62743453
100000,remote,1131378346
100000,local,61060976
100000,remote,1113857311
100000,local,65053715
100000,remote,1182419840
100000,local,59744800
100000,remote,1108805025
100000,local,64387657
100000,remote,1121222321
100000,local,60072838
100000,remote,1122620002
100000,local,61272722
100000,remote,1116547891
100000,local,60873153
100000,remote,1117617319
100000,local,63895104
100000,remote,1163116477
100000,local,59613727
100000,remote,1113492632
100000,local,61899510
100000,remote,1116955743
100000,local,63073623
100000,remote,1122698968
100000,local,61472463
100000,remote,1112502708
100000,local,61564361
100000,remote,1119143609
100000,local,60275723
100000,remote,1162096711
100000,local,61958601
100000,remote,1125971630
100000,local,60334495
100000,remote,1134315817
100000,local,63156576
100000,remote,1124415016
100000,local,61216538
100000,remote,1110905104
100000,local,63373573
100000,remote,1120496926
100000,local,60263933
100000,remote,1170753861
100000,local,62822858
100000,remote,1115420738
100000,local,59910580
100000,remote,1117358291
100000,local,63703009
100000,remote,1122021636
100000,local,61103495
100000,remote,1108559603
100000,local,59266288
100000,remote,1112295040
100000,local,64131106
100000,remote,1170616681
100000,local,61113165
100000,remote,1110910866
100000,local,61767935
100000,remote,1121537739
100000,local,60170041
100000,remote,1120011099
100000,local,63597612
100000,remote,1118088705
100000,local,61472391
100000,remote,1119070582
100000,local,65018400
100000,remote,1165324154
100000,local,59462577
100000,remote,1110282473
100000,local,63636734
100000,remote,1120519872
100000,local,60025316
100000,remote,1124625878
100000,local,61101381
100000,remote,1117880726
100000,local,61021717
100000,remote,1116104296
100000,local,64059628
100000,remote,1164512757
100000,local,60683688
100000,remote,1116244411
100000,local,61802326
100000,remote,1139323843
100000,local,60453111
100000,remote,1157762837
100000,local,62092962
100000,remote,1113372981
100000,local,61383600
100000,remote,1120307787
100000,local,65110887
100000,remote,1163598462
100000,local,59789385
100000,remote,1112074443
100000,local,63461050
100000,remote,1130262317
100000,local,60956393
100000,remote,1121857025
100000,local,61302545
100000,remote,1132244666
100000,local,61308431
100000,remote,1116364378
100000,local,66545003
100000,remote,1201789706
110000,local,61637522
110000,remote,1157904085
110000,local,63315813
110000,remote,1162579299
110000,local,65429441
110000,remote,1163978609
110000,local,65484122
110000,remote,1175378556
110000,local,62660601
110000,remote,1167367515
110000,local,65069678
110000,remote,1210862591
110000,local,65568230
110000,remote,1151694334
110000,local,66897578
110000,remote,1174694473
110000,local,63509344
110000,remote,1170368123
110000,local,67431601
110000,remote,1147807356
110000,local,62045747
110000,remote,1164145900
110000,local,64161983
110000,remote,1207648254
110000,local,65206761
110000,remote,1164254992
110000,local,62141658
110000,remote,1159643105
110000,local,66496983
110000,remote,1176111498
110000,local,64681044
110000,remote,1155051012
110000,local,67859524
110000,remote,1162613890
110000,local,62326087
110000,remote,1210874338
110000,local,65224813
110000,remote,1156721519
110000,local,61916896
110000,remote,1162362269
110000,local,64939529
110000,remote,1170560373
110000,local,65013492
110000,remote,1158449475
110000,local,61985465
110000,remote,1166114184
110000,local,65584248
110000,remote,1209051028
110000,local,65326816
110000,remote,1155191893
110000,local,66241718
110000,remote,1160413703
110000,local,63011276
110000,remote,1167242634
110000,local,66455407
110000,remote,1146888394
110000,local,61843312
110000,remote,1160049951
110000,local,62610347
110000,remote,1234930853
110000,local,65778755
110000,remote,1161413263
110000,local,61893206
110000,remote,1167147938
110000,local,66186658
110000,remote,1171977194
110000,local,64633108
110000,remote,1147654424
110000,local,67707528
110000,remote,1162803962
110000,local,62458921
110000,remote,1215531336
110000,local,66827756
110000,remote,1153447568
110000,local,64885388
110000,remote,1156039759
110000,local,66638141
110000,remote,1172447531
110000,local,61393245
110000,remote,1174349594
110000,local,64402662
110000,remote,1176387202
110000,local,63722932
110000,remote,1224312717
110000,local,65815464
110000,remote,1170470055
110000,local,61938906
110000,remote,1161813601
110000,local,65797429
110000,remote,1171146552
110000,local,64596266
110000,remote,1179997989
110000,local,65286311
110000,remote,1191857537
110000,local,64033083
110000,remote,1208043368
110000,local,63539074
110000,remote,1158396415
110000,local,61930715
110000,remote,1158750794
110000,local,67872062
110000,remote,1171847976
110000,local,64567481
110000,remote,1149008493
110000,local,64378141
110000,remote,1167646822
110000,local,63816551
110000,remote,1208478673
110000,local,65091404
110000,remote,1165822417
110000,local,61956854
110000,remote,1163356042
110000,local,66523799
110000,remote,1167921417
110000,local,64759581
110000,remote,1162812806
110000,local,66495903
110000,remote,1166626811
110000,local,63832122
110000,remote,1205611758
110000,local,63465114
110000,remote,1164474506
110000,local,61993600
110000,remote,1159453322
110000,local,66060019
110000,remote,1179197547
110000,local,62261499
110000,remote,1156867693
110000,local,66673611
110000,remote,1190331612
110000,local,62559253
110000,remote,1208959935
110000,local,67260609
110000,remote,1181660469
110000,local,65019644
110000,remote,1158623155
110000,local,67793787
110000,remote,1167610093
110000,local,65218855
110000,remote,1183064062
110000,local,65249248
110000,remote,1171348886
110000,local,62285988
110000,remote,1225100396
110000,local,66252084
110000,remote,1150575270
110000,local,65381481
110000,remote,1163434832
110000,local,65826998
110000,remote,1172233039
110000,local,61755745
110000,remote,1152878185
110000,local,67299627
110000,remote,1167853546
110000,local,62300794
110000,remote,1210362983
110000,local,65448208
110000,remote,1164240366
110000,local,62284978
110000,remote,1165164080
110000,local,67052020
110000,remote,1181226955
110000,local,64568105
110000,remote,1149287734
110000,local,65764071
110000,remote,1169174016
110000,local,63722294
110000,remote,1205670436
110000,local,63554206
110000,remote,1160894970
110000,local,61905877
110000,remote,1167035457
110000,local,64581614
110000,remote,1172907863
110000,local,61748139
110000,remote,1151709511
110000,local,62396275
110000,remote,1167741352
110000,local,62877592
110000,remote,1205365494
110000,local,63493505
110000,remote,1155696076
110000,local,61006123
110000,remote,1160570382
110000,local,64974910
110000,remote,1164571357
110000,local,64665780
110000,remote,1146143294
110000,local,66277333
110000,remote,1156333482
110000,local,62098669
110000,remote,1218449721
110000,local,65643533
110000,remote,1153605582
110000,local,64761732
110000,remote,1159986542
110000,local,64575321
110000,remote,1172573565
110000,local,65208933
110000,remote,1154970749
110000,local,64514169
110000,remote,1181142676
110000,local,62375081
110000,remote,1252082896
110000,local,62204411
110000,remote,1164575489
110000,local,62624483
110000,remote,1166470442
110000,local,66563813
110000,remote,1193281799
110000,local,64307966
110000,remote,1147621798
110000,local,64763758
110000,remote,1163880322
110000,local,64107859
110000,remote,1206414681
120000,local,65029506
120000,remote,1205438741
120000,local,67625590
120000,remote,1219652605
120000,local,68801163
120000,remote,1213528633
120000,local,64916744
120000,remote,1191632691
120000,local,70168159
120000,remote,1209249125
120000,local,66909861
120000,remote,1254031577
120000,local,66335850
120000,remote,1197791157
120000,local,64084453
120000,remote,1217995753
120000,local,68214903
120000,remote,1218325357
120000,local,63262683
120000,remote,1202659728
120000,local,67087523
120000,remote,1212658878
120000,local,66457013
120000,remote,1252778755
120000,local,68005765
120000,remote,1204007236
120000,local,65085218
120000,remote,1211608444
120000,local,65991002
120000,remote,1220718874
120000,local,63472802
120000,remote,1193801838
120000,local,68631466
120000,remote,1212559080
120000,local,66652816
120000,remote,1281598166
120000,local,65602193
120000,remote,1204041468
120000,local,63758820
120000,remote,1247733640
120000,local,66635284
120000,remote,1221949963
120000,local,63308336
120000,remote,1194520613
120000,local,69068975
120000,remote,1210094334
120000,local,66847975
120000,remote,1255145042
120000,local,66362432
120000,remote,1199239985
120000,local,63979930
120000,remote,1222259040
120000,local,68072687
120000,remote,1220714516
120000,local,63480105
120000,remote,1195941925
120000,local,67209049
120000,remote,1214698977
120000,local,66862975
120000,remote,1257369002
120000,local,67678098
120000,remote,1200465786
120000,local,63965524
120000,remote,1215641085
120000,local,66102147
120000,remote,1224857515
120000,local,63221310
120000,remote,1201103040
120000,local,68452296
120000,remote,1209538665
120000,local,66918335
120000,remote,1257638539
120000,local,66852237
120000,remote,1210575285
120000,local,64065886
120000,remote,1222388564
120000,local,68006067
120000,remote,1216419606
120000,local,63106829
120000,remote,1197174700
120000,local,67591507
120000,remote,1210532472
120000,local,66384967
120000,remote,1248999457
120000,local,68206107
120000,remote,1200880819
120000,local,63976955
120000,remote,1216345771
120000,local,66457981
120000,remote,1219820361
120000,local,63563594
120000,remote,1197420409
120000,local,68510460
120000,remote,1209326505
120000,local,66669574
120000,remote,1248929715
120000,local,66187959
120000,remote,1202446499
120000,local,63990993
120000,remote,1213932643
120000,local,67451397
120000,remote,1224042705
120000,local,63576096
120000,remote,1201723687
120000,local,66875707
120000,remote,1209529210
120000,local,67031667
120000,remote,1264538979
120000,local,68225696
120000,remote,1200685211
120000,local,64046510
120000,remote,1214096397
120000,local,69083510
120000,remote,1237178998
120000,local,63574020
120000,remote,1207186962
120000,local,68602192
120000,remote,1211629533
120000,local,66499670
120000,remote,1258510988
120000,local,66416186
120000,remote,1201530106
120000,local,64034006
120000,remote,1221424842
120000,local,67719183
120000,remote,1223700313
120000,local,63689735
120000,remote,1192896817
120000,local,67541209
120000,remote,1230691960
120000,local,66419641
120000,remote,1251197036
120000,local,67733606
120000,remote,1214644017
120000,local,63906330
120000,remote,1228882425
120000,local,65472832
120000,remote,1214306839
120000,local,62972887
120000,remote,1209119750
120000,local,66870164
120000,remote,1216462831
120000,local,65932019
120000,remote,1269142379
120000,local,65267566
120000,remote,1206811773
120000,local,67401619
120000,remote,1247767725
120000,local,70440601
120000,remote,1211816470
120000,local,66370406
120000,remote,1191946394
120000,local,67609605
120000,remote,1209090092
120000,local,66771129
120000,remote,1252313021
120000,local,67902617
120000,remote,1199504412
120000,local,63986516
120000,remote,1218653044
120000,local,66007796
120000,remote,1218811129
120000,local,63293434
120000,remote,1198319000
120000,local,68900351
120000,remote,1210404329
120000,local,66585958
120000,remote,1256307661
120000,local,66287876
120000,remote,1212117389
120000,local,63973664
120000,remote,1219446499
120000,local,68380491
120000,remote,1223733319
120000,local,63302148
120000,remote,1192421272
120000,local,66739616
120000,remote,1210664495
120000,local,66782119
120000,remote,1256381449
120000,local,67966230
120000,remote,1198889609
120000,local,64165810
120000,remote,1219348574
120000,local,65964842
120000,remote,1218878621
120000,local,63102046
120000,remote,1197906144
120000,local,68414439
120000,remote,1210027154
120000,local,66780283
120000,remote,1255816571
120000,local,66332492
120000,remote,1223365516
120000,local,63935763
120000,remote,1214162319
120000,local,68431858
120000,remote,1230581242
120000,local,63103184
120000,remote,1199518017
120000,local,67213078
120000,remote,1214548815
120000,local,66592899
120000,remote,1250006045
120000,local,68360228
120000,remote,1198833523
120000,local,64118296
120000,remote,1217886434
120000,local,66439165
120000,remote,1218667490
120000,local,63437265
120000,remote,1196843918
120000,local,69072753
120000,remote,1210872651
120000,local,66558600
120000,remote,1256585109
130000,local,68000449
130000,remote,1245722328
130000,local,70355738
130000,remote,1254432246
130000,local,70032129
130000,remote,1285866201
130000,local,68453206
130000,remote,1248386276
130000,local,66134971
130000,remote,1250257584
130000,local,70582403
130000,remote,1304447552
130000,local,66277764
130000,remote,1240431197
130000,local,68986865
130000,remote,1255102615
130000,local,69674235
130000,remote,1285131095
130000,local,69276565
130000,remote,1243519478
130000,local,67406465
130000,remote,1250719835
130000,local,72978635
130000,remote,1296863226
130000,local,67932522
130000,remote,1244710649
130000,local,66627326
130000,remote,1303440780
130000,local,67934831
130000,remote,1286745220
130000,local,66134684
130000,remote,1245104454
130000,local,70011757
130000,remote,1268979016
130000,local,66314774
130000,remote,1305426668
130000,local,67657534
130000,remote,1245500306
130000,local,68245842
130000,remote,1260329947
130000,local,69778281
130000,remote,1288473404
130000,local,66105286
130000,remote,1236650047
130000,local,68083071
130000,remote,1251877146
130000,local,66784621
130000,remote,1296053923
130000,local,69871287
130000,remote,1249931713
130000,local,67664489
130000,remote,1255964454
130000,local,67925331
130000,remote,1289119040
130000,local,66588980
130000,remote,1240542464
130000,local,72631497
130000,remote,1255873236
130000,local,67993726
130000,remote,1335207707
130000,local,67629787
130000,remote,1269821760
130000,local,70680512
130000,remote,1280982460
130000,local,66597377
130000,remote,1323079081
130000,local,69847812
130000,remote,1244854098
130000,local,67626769
130000,remote,1252739015
130000,local,71868410
130000,remote,1300095522
130000,local,67933683
130000,remote,1259039696
130000,local,67792287
130000,remote,1260749280
130000,local,67213813
130000,remote,1287138434
130000,local,69716600
130000,remote,1239694112
130000,local,68552049
130000,remote,1261991388
130000,local,69820268
130000,remote,1304477644
130000,local,67470691
130000,remote,1247358073
130000,local,73389378
130000,remote,1259137845
130000,local,66080867
130000,remote,1290729323
130000,local,68055038
130000,remote,1239208223
130000,local,66065243
130000,remote,1260359103
130000,local,69900814
130000,remote,1301631061
130000,local,67810516
130000,remote,1245059554
130000,local,74859679
130000,remote,1261265307
130000,local,69973891
130000,remote,1295071428
130000,local,66329354
130000,remote,1258989792
130000,local,68854314
130000,remote,1252878402
130000,local,66926469
130000,remote,1316959085
130000,local,70086573
130000,remote,1250413700
130000,local,67267155
130000,remote,1261710866
130000,local,69478388
130000,remote,1292882383
130000,local,66184554
130000,remote,1241136471
130000,local,68995128
130000,remote,1254340160
130000,local,66595714
130000,remote,1305516571
130000,local,69844570
130000,remote,1249826756
130000,local,68928096
130000,remote,1270012678
130000,local,68397026
130000,remote,1288639916
130000,local,66206950
130000,remote,1239270955
130000,local,69878803
130000,remote,1253018707
130000,local,66548961
130000,remote,1315475047
130000,local,69454689
130000,remote,1263254366
130000,local,65838910
130000,remote,1264978433
130000,local,69678581
130000,remote,1290459149
130000,local,66222385
130000,remote,1238070722
130000,local,68142897
130000,remote,1253576406
130000,local,66481076
130000,remote,1307278986
130000,local,69604973
130000,remote,1244900307
130000,local,68569666
130000,remote,1255175196
130000,local,68002502
130000,remote,1289402817
130000,local,66131026
130000,remote,1241573450
130000,local,69777304
130000,remote,1265623581
130000,local,66298317
130000,remote,1303281738
130000,local,67820313
130000,remote,1265612652
130000,local,68641075
130000,remote,1263615746
130000,local,70169004
130000,remote,1295199231
130000,local,66241585
130000,remote,1245036437
130000,local,68619173
130000,remote,1258243188
130000,local,66580440
130000,remote,1301429556
130000,local,69202224
130000,remote,1246665400
130000,local,68506413
130000,remote,1277851953
130000,local,68859852
130000,remote,1282032371
130000,local,68449835
130000,remote,1250595550
130000,local,69838171
130000,remote,1258128185
130000,local,67364074
130000,remote,1327615323
130000,local,71322218
130000,remote,1243842750
130000,local,67610888
130000,remote,1258876383
130000,local,69929959
130000,remote,1286257957
130000,local,66422128
130000,remote,1241947556
130000,local,69022819
130000,remote,1254429876
130000,local,66432345
130000,remote,1299045557
130000,local,72306720
130000,remote,1250169296
130000,local,67493309
130000,remote,1255071463
130000,local,68115421
130000,remote,1295206678
130000,local,66458107
130000,remote,1262342038
130000,local,70346285
130000,remote,1254519972
130000,local,66910900
130000,remote,1309037081
130000,local,67883653
130000,remote,1248607942
130000,local,68744700
130000,remote,1277488354
130000,local,69703469
130000,remote,1302045183
130000,local,66199377
130000,remote,1242995071
130000,local,68967106
130000,remote,1256205180
130000,local,66630758
130000,remote,1310317961
140000,local,74839122
140000,remote,1295765769
140000,local,68243489
140000,remote,1302673313
140000,local,72370033
140000,remote,1334807701
140000,local,69882798
140000,remote,1276154415
140000,local,74366141
140000,remote,1298414185
140000,local,70386074
140000,remote,1352402316
140000,local,72175527
140000,remote,1289839394
140000,local,69169245
140000,remote,1304092246
140000,local,75788626
140000,remote,1332877701
140000,local,68169601
140000,remote,1279731741
140000,local,75786686
140000,remote,1298588490
140000,local,70026589
140000,remote,1340940245
140000,local,70282587
140000,remote,1285818266
140000,local,73976722
140000,remote,1305079194
140000,local,70981881
140000,remote,1355025388
140000,local,70186439
140000,remote,1283983869
140000,local,71404094
140000,remote,1300795335
140000,local,72069720
140000,remote,1342360687
140000,local,67613650
140000,remote,1286128617
140000,local,72276029
140000,remote,1300436045
140000,local,68803919
140000,remote,1334784186
140000,local,68005777
140000,remote,1291628492
140000,local,70625716
140000,remote,1293751067
140000,local,68155570
140000,remote,1359359742
140000,local,72531220
140000,remote,1277191770
140000,local,69391807
140000,remote,1305011724
140000,local,77731778
140000,remote,1335556198
140000,local,71849646
140000,remote,1273119309
140000,local,70061815
140000,remote,1298867495
140000,local,71888154
140000,remote,1335809525
140000,local,72626360
140000,remote,1288826278
140000,local,71468921
140000,remote,1298237146
140000,local,71287302
140000,remote,1353324957
140000,local,69291480
140000,remote,1283899346
140000,local,72875929
140000,remote,1300086596
140000,local,70100833
140000,remote,1331398985
140000,local,75050691
140000,remote,1286410400
140000,local,68595957
140000,remote,1306030940
140000,local,72772901
140000,remote,1338088989
140000,local,67647766
140000,remote,1286437417
140000,local,73005843
140000,remote,1303436127
140000,local,68669570
140000,remote,1337376292
140000,local,67460298
140000,remote,1290385949
140000,local,73768386
140000,remote,1304548956
140000,local,71112756
140000,remote,1329566680
140000,local,71224542
140000,remote,1288211019
140000,local,72509888
140000,remote,1294492892
140000,local,76095317
140000,remote,1341858970
140000,local,70826652
140000,remote,1275822306
140000,local,73667393
140000,remote,1294475233
140000,local,72031022
140000,remote,1329176801
140000,local,68932228
140000,remote,1279016796
140000,local,73668114
140000,remote,1299378259
140000,local,69307912
140000,remote,1345390538
140000,local,71732764
140000,remote,1286380523
140000,local,71349909
140000,remote,1296659563
140000,local,71756990
140000,remote,1361620586
140000,local,69995168
140000,remote,1290464544
140000,local,68767259
140000,remote,1298237823
140000,local,72174058
140000,remote,1346230955
140000,local,68330269
140000,remote,1287443885
140000,local,72216051
140000,remote,1318311446
140000,local,71076331
140000,remote,1335545023
140000,local,70354788
140000,remote,1287634042
140000,local,71594215
140000,remote,1302250222
140000,local,72755453
140000,remote,1342233835
140000,local,68700502
140000,remote,1285600444
140000,local,71121619
140000,remote,1311916546
140000,local,73179605
140000,remote,1378845844
140000,local,69581799
140000,remote,1277772041
140000,local,73770676
140000,remote,1298476679
140000,local,70198785
140000,remote,1339459224
140000,local,73472277
140000,remote,1285451484
140000,local,70364482
140000,remote,1303167450
140000,local,76305340
140000,remote,1336067208
140000,local,68139337
140000,remote,1290357666
140000,local,70061355
140000,remote,1301456635
140000,local,71490475
140000,remote,1332188039
140000,local,72180657
140000,remote,1283968659
140000,local,71069366
140000,remote,1296452560
140000,local,71532278
140000,remote,1330561451
140000,local,69541276
140000,remote,1273218258
140000,local,72875950
140000,remote,1301741299
140000,local,69993544
140000,remote,1331366831
140000,local,74855006
140000,remote,1284011402
140000,local,68558225
140000,remote,1321276308
140000,local,72654234
140000,remote,1326743197
140000,local,67944804
140000,remote,1286432486
140000,local,71578058
140000,remote,1295863296
140000,local,73264382
140000,remote,1337941767
140000,local,72123202
140000,remote,1286634535
140000,local,68537081
140000,remote,1304301996
140000,local,72922686
140000,remote,1349713733
140000,local,70791521
140000,remote,1274696560
140000,local,75614039
140000,remote,1294554384
140000,local,69473288
140000,remote,1336691604
140000,local,73231887
140000,remote,1282995036
140000,local,69209286
140000,remote,1298605779
140000,local,72855429
140000,remote,1337535544
140000,local,71114265
140000,remote,1271807020
140000,local,74534871
140000,remote,1295514865
140000,local,70156808
140000,remote,1331906984
140000,local,72166575
140000,remote,1284084878
140000,local,69105191
140000,remote,1299605979
140000,local,72916150
140000,remote,1333501048
140000,local,71085967
140000,remote,1271587462
140000,local,72354673
140000,remote,1298457736
140000,local,70793714
140000,remote,1370603387
150000,local,72138613
150000,remote,1323082292
150000,local,73005494
150000,remote,1360421754
150000,local,71485308
150000,remote,1367559778
150000,local,69313716
150000,remote,1323673355
150000,local,74510701
150000,remote,1334998674
150000,local,69441860
150000,remote,1368497670
150000,local,73043789
150000,remote,1326403917
150000,local,74808811
150000,remote,1332321580
150000,local,73151686
150000,remote,1368687661
150000,local,70623260
150000,remote,1314493624
150000,local,75042843
150000,remote,1333115057
150000,local,71421045
150000,remote,1370860590
150000,local,70859781
150000,remote,1323751029
150000,local,74164300
150000,remote,1356509841
150000,local,70013166
150000,remote,1368354345
150000,local,74257098
150000,remote,1317264305
150000,local,70495280
150000,remote,1335231098
150000,local,74459028
150000,remote,1386895847
150000,local,73042011
150000,remote,1320312188
150000,local,75222633
150000,remote,1333499014
150000,local,73280087
150000,remote,1373807382
150000,local,72947806
150000,remote,1329103162
150000,local,71587884
150000,remote,1345395638
150000,local,73015421
150000,remote,1390633339
150000,local,72503058
150000,remote,1341616731
150000,local,74622877
150000,remote,1383922976
150000,local,71468870
150000,remote,1364938906
150000,local,69490050
150000,remote,1319510487
150000,local,74577345
150000,remote,1334237530
150000,local,69580268
150000,remote,1373624712
150000,local,72902098
150000,remote,1328910178
150000,local,70354092
150000,remote,1339020689
150000,local,73738471
150000,remote,1373423051
150000,local,70839812
150000,remote,1318411589
150000,local,74959801
150000,remote,1332259562
150000,local,70672374
150000,remote,1377739934
150000,local,70691921
150000,remote,1324332394
150000,local,73993564
150000,remote,1369041863
150000,local,74013515
150000,remote,1368133070
150000,local,72983572
150000,remote,1319223511
150000,local,73030539
150000,remote,1334484526
150000,local,74986537
150000,remote,1381683794
150000,local,72004230
150000,remote,1323768834
150000,local,70364334
150000,remote,1354243624
150000,local,74817582
150000,remote,1374056208
150000,local,70654055
150000,remote,1315667632
150000,local,79384550
150000,remote,1332514417
150000,local,70707377
150000,remote,1380769850
150000,local,73465132
150000,remote,1336120587
150000,local,70270567
150000,remote,1343288974
150000,local,75194129
150000,remote,1389913126
150000,local,71208459
150000,remote,1322662642
150000,local,73242790
150000,remote,1343399573
150000,local,71093408
150000,remote,1383692158
150000,local,74191335
150000,remote,1329165521
150000,local,70267160
150000,remote,1340965407
150000,local,75847870
150000,remote,1378048786
150000,local,70502381
150000,remote,1323637469
150000,local,73094151
150000,remote,1339366971
150000,local,70728270
150000,remote,1376878167
150000,local,76040397
150000,remote,1333000701
150000,local,70307678
150000,remote,1341911124
150000,local,75576667
150000,remote,1382093485
150000,local,71045727
150000,remote,1323557343
150000,local,73163768
150000,remote,1340990370
150000,local,70750507
150000,remote,1380340321
150000,local,73577860
150000,remote,1324575252
150000,local,70279593
150000,remote,1338800616
150000,local,75574799
150000,remote,1372322289
150000,local,70427089
150000,remote,1314147298
150000,local,73758680
150000,remote,1334579886
150000,local,74103681
150000,remote,1375412675
150000,local,73672483
150000,remote,1326819799
150000,local,70319769
150000,remote,1341279902
150000,local,76009650
150000,remote,1381853074
150000,local,70573297
150000,remote,1318182790
150000,local,73353112
150000,remote,1340215226
150000,local,70677366
150000,remote,1376971481
150000,local,73836432
150000,remote,1326884738
150000,local,74620961
150000,remote,1334234711
150000,local,75287043
150000,remote,1383975325
150000,local,73911922
150000,remote,1330431238
150000,local,79482300
150000,remote,1351789488
150000,local,70766224
150000,remote,1377459020
150000,local,73715572
150000,remote,1330059176
150000,local,74561294
150000,remote,1336017663
150000,local,74935749
150000,remote,1381220045
150000,local,71304678
150000,remote,1325306454
150000,local,73264878
150000,remote,1341777225
150000,local,70705947
150000,remote,1382773796
150000,local,73894649
150000,remote,1330816726
150000,local,70732459
150000,remote,1346503058
150000,local,75458247
150000,remote,1378263383
150000,local,71124940
150000,remote,1324672796
150000,local,73267253
150000,remote,1341363224
150000,local,76656646
150000,remote,1372727174
150000,local,74256997
150000,remote,1329727313
150000,local,70332436
150000,remote,1341287776
150000,local,75269982
150000,remote,1380563694
150000,local,71076304
150000,remote,1316359442
150000,local,73491732
150000,remote,1337539980
150000,local,70758134
150000,remote,1370560894
150000,local,73753736
150000,remote,1326334222
150000,local,70360384
150000,remote,1338624284
150000,local,75598267
150000,remote,1372753292
150000,local,70949707
150000,remote,1319734222
150000,local,72427234
150000,remote,1339397436
150000,local,70680072
150000,remote,1374005142
20000,local,11603163
20000,remote,201558573
20000,local,11774365
20000,remote,202471338
20000,local,12575230
20000,remote,207276043
20000,local,11673691
20000,remote,203814379
20000,local,11500526
20000,remote,204078945
20000,local,13111499
20000,remote,213627466
20000,local,11852700
20000,remote,209291325
20000,local,11406045
20000,remote,202708361
20000,local,11803632
20000,remote,205488619
20000,local,11666290
20000,remote,203240300
20000,local,12451601
20000,remote,206569215
20000,local,17651384
20000,remote,211501802
20000,local,11835480
20000,remote,204050815
20000,local,12468513
20000,remote,205591207
20000,local,13357020
20000,remote,205556872
20000,local,12341274
20000,remote,206682610
20000,local,11997859
20000,remote,204442104
20000,local,12038146
20000,remote,214329486
20000,local,11425724
20000,remote,202622289
20000,local,13190576
20000,remote,203157050
20000,local,11850290
20000,remote,203764569
20000,local,11679217
20000,remote,204591537
20000,local,17749531
20000,remote,203324515
20000,local,11994308
20000,remote,217804157
20000,local,12429028
20000,remote,206069090
20000,local,17222271
20000,remote,200916713
20000,local,11833272
20000,remote,203668174
20000,local,12443652
20000,remote,202441639
20000,local,20774994
20000,remote,206336116
20000,local,11925987
20000,remote,211448467
20000,local,11823707
20000,remote,206434301
20000,local,11323891
20000,remote,202062101
20000,local,12233991
20000,remote,204153368
20000,local,12379040
20000,remote,198112677
20000,local,11986417
20000,remote,204113554
20000,local,17420424
20000,remote,210138622
20000,local,12164892
20000,remote,201379614
20000,local,12264667
20000,remote,205827676
20000,local,16876953
20000,remote,202625530
20000,local,11225934
20000,remote,198949917
20000,local,12247572
20000,remote,205145003
20000,local,19102360
20000,remote,210560199
20000,local,11790569
20000,remote,201736438
20000,local,12356042
20000,remote,212734798
20000,local,18175508
20000,remote,202145687
20000,local,11607348
20000,remote,207195722
20000,local,11856780
20000,remote,204829174
20000,local,12673776
20000,remote,211768809
20000,local,15176161
20000,remote,203814069
20000,local,12090371
20000,remote,202161303
20000,local,16640108
20000,remote,201273914
20000,local,17983239
20000,remote,198770249
20000,local,12338066
20000,remote,202983335
20000,local,12160135
20000,remote,213601941
20000,local,17430473
20000,remote,203063779
20000,local,11774069
20000,remote,201352504
20000,local,12527328
20000,remote,206503847
20000,local,20225571
20000,remote,202525358
20000,local,11773262
20000,remote,204938236
20000,local,12575461
20000,remote,212561235
20000,local,17379072
20000,remote,201956965
20000,local,11771562
20000,remote,201700791
20000,local,18966578
20000,remote,206330784
20000,local,11741888
20000,remote,202294986
20000,local,11633067
20000,remote,204501978
20000,local,12029015
20000,remote,214832555
20000,local,11626554
20000,remote,202287099
20000,local,11790571
20000,remote,203813765
20000,local,13128606
20000,remote,204468009
20000,local,11867882
20000,remote,202833784
20000,local,17366979
20000,remote,201652809
20000,local,12004366
20000,remote,212374816
20000,local,11826419
20000,remote,205926823
20000,local,16517045
20000,remote,203126110
20000,local,11879766
20000,remote,201949315
20000,local,11658709
20000,remote,203051180
20000,local,17487147
20000,remote,201915171
20000,local,11950420
20000,remote,212193365
20000,local,12558319
20000,remote,213582003
20000,local,17870269
20000,remote,202945440
20000,local,11813424
20000,remote,201032285
20000,local,11636422
20000,remote,201938274
20000,local,19028939
20000,remote,202928139
20000,local,12641889
20000,remote,215368712
20000,local,17710395
20000,remote,201159065
20000,local,11786703
20000,remote,202781115
20000,local,12472481
20000,remote,209823457
20000,local,13427201
20000,remote,201427854
20000,local,17624678
20000,remote,202381220
20000,local,11935225
20000,remote,211947161
20000,local,11957743
20000,remote,205725647
20000,local,11639363
20000,remote,209946353
20000,local,12388570
20000,remote,201976707
20000,local,11642907
20000,remote,202820364
20000,local,17036994
20000,remote,201669550
20000,local,11974833
20000,remote,212546996
20000,local,12907964
20000,remote,204322054
20000,local,12475906
20000,remote,206023763
20000,local,11757168
20000,remote,202496617
20000,local,12801361
20000,remote,199256238
20000,local,11896954
20000,remote,202914774
20000,local,17447190
20000,remote,211445223
20000,local,11805932
20000,remote,202132033
20000,local,12131701
20000,remote,204751002
20000,local,12724292
20000,remote,212541000
20000,local,11647172
20000,remote,203683799
20000,local,11689249
20000,remote,202857206
20000,local,12235895
20000,remote,213565582
30000,local,19188394
30000,remote,322918935
30000,local,17610619
30000,remote,313619168
30000,local,17242555
30000,remote,313502462
30000,local,22595491
30000,remote,321427424
30000,local,20450747
30000,remote,316282299
30000,local,21371998
30000,remote,326523534
30000,local,17770252
30000,remote,315914001
30000,local,19207228
30000,remote,319897174
30000,local,21463432
30000,remote,311036923
30000,local,18966027
30000,remote,333347654
30000,local,21283190
30000,remote,340326376
30000,local,17834871
30000,remote,326401284
30000,local,20336340
30000,remote,315386123
30000,local,19177952
30000,remote,311491159
30000,local,17558195
30000,remote,316228237
30000,local,17805950
30000,remote,312798401
30000,local,22773825
30000,remote,315796456
30000,local,17821394
30000,remote,335011188
30000,local,20535330
30000,remote,314748422
30000,local,17728350
30000,remote,311082476
30000,local,20318481
30000,remote,322322321
30000,local,18906604
30000,remote,321022389
30000,local,21025152
30000,remote,313890051
30000,local,22178633
30000,remote,332471348
30000,local,17778114
30000,remote,316803397
30000,local,21501422
30000,remote,312570219
30000,local,17239813
30000,remote,322026294
30000,local,18205384
30000,remote,313161708
30000,local,17797560
30000,remote,314978639
30000,local,17529614
30000,remote,325910136
30000,local,19404836
30000,remote,319817328
30000,local,17762326
30000,remote,311997475
30000,local,19874518
30000,remote,313728207
30000,local,17837492
30000,remote,318688770
30000,local,19328934
30000,remote,313050910
30000,local,21376041
30000,remote,325022276
30000,local,17551229
30000,remote,314893386
30000,local,17669398
30000,remote,311078904
30000,local,17332439
30000,remote,320658595
30000,local,21164945
30000,remote,313046087
30000,local,17555335
30000,remote,320657754
30000,local,21444285
30000,remote,325354978
30000,local,22082411
30000,remote,317468369
30000,local,17456030
30000,remote,317180597
30000,local,21362423
30000,remote,311916457
30000,local,20453528
30000,remote,312267022
30000,local,19229256
30000,remote,315440203
30000,local,17769959
30000,remote,326874173
30000,local,20580681
30000,remote,315017668
30000,local,17373050
30000,remote,317864824
30000,local,19514292
30000,remote,319769184
30000,local,17809771
30000,remote,315682235
30000,local,20194286
30000,remote,315510478
30000,local,20082798
30000,remote,335680527
30000,local,17964837
30000,remote,317553324
30000,local,17146961
30000,remote,311004812
30000,local,17749421
30000,remote,320173192
30000,local,19313262
30000,remote,313819237
30000,local,17904876
30000,remote,317461341
30000,local,17484723
30000,remote,325904435
30000,local,17941313
30000,remote,316428767
30000,local,19147988
30000,remote,312599682
30000,local,20964627
30000,remote,324275907
30000,local,18931643
30000,remote,321058790
30000,local,17388345
30000,remote,314418572
30000,local,20516953
30000,remote,330914431
30000,local,17960869
30000,remote,324422341
30000,local,17454154
30000,remote,311043545
30000,local,19717633
30000,remote,315508604
30000,local,17738628
30000,remote,312793422
30000,local,21453638
30000,remote,312000657
30000,local,18903915
30000,remote,327589261
30000,local,20042429
30000,remote,318358847
30000,local,17593283
30000,remote,322085135
30000,local,20003962
30000,remote,315165336
30000,local,17663743
30000,remote,313599287
30000,local,17820855
30000,remote,322501297
30000,local,17473938
30000,remote,334518751
30000,local,19250817
30000,remote,317727152
30000,local,20874463
30000,remote,314018352
30000,local,18215355
30000,remote,313720628
30000,local,19188309
30000,remote,311895274
30000,local,17914189
30000,remote,316593599
30000,local,20512513
30000,remote,326206301
30000,local,17932670
30000,remote,316698096
30000,local,19100306
30000,remote,314383644
30000,local,18002683
30000,remote,324077028
30000,local,17759074
30000,remote,326863440
30000,local,21427920
30000,remote,312065653
30000,local,19992408
30000,remote,335530345
30000,local,18017051
30000,remote,316637320
30000,local,17096171
30000,remote,310992999
30000,local,17694333
30000,remote,314085305
30000,local,19220978
30000,remote,315702612
30000,local,18899220
30000,remote,322698353
30000,local,18237227
30000,remote,327025062
30000,local,18068574
30000,remote,323898438
30000,local,21321674
30000,remote,320412784
30000,local,17611430
30000,remote,314429822
30000,local,19446276
30000,remote,322426893
30000,local,17811740
30000,remote,317142794
30000,local,18407862
30000,remote,341843338
30000,local,19298742
30000,remote,331875319
30000,local,20922136
30000,remote,309139334
30000,local,17922163
30000,remote,313949241
30000,local,23400640
30000,remote,314889743
30000,local,17856430
30000,remote,315560689
30000,local,21202053
30000,remote,325921734
40000,local,26295480
40000,remote,430098336
40000,local,23838978
40000,remote,422795508
40000,local,32154690
40000,remote,423852765
40000,local,23270643
40000,remote,421834416
40000,local,23471076
40000,remote,424283596
40000,local,23330603
40000,remote,437534665
40000,local,26203473
40000,remote,428328674
40000,local,22816742
40000,remote,422957455
40000,local,25444765
40000,remote,425663663
40000,local,23415242
40000,remote,421943569
40000,local,23021478
40000,remote,423190055
40000,local,25082875
40000,remote,468430322
40000,local,23297337
40000,remote,433846886
40000,local,23294128
40000,remote,417743261
40000,local,24848505
40000,remote,426337330
40000,local,23059132
40000,remote,426201954
40000,local,27634598
40000,remote,423337245
40000,local,23528693
40000,remote,454235776
40000,local,27730441
40000,remote,432997404
40000,local,23468326
40000,remote,419632402
40000,local,36335893
40000,remote,426377073
40000,local,26828271
40000,remote,421503844
40000,local,23352383
40000,remote,421994395
40000,local,23369655
40000,remote,438806148
40000,local,27275140
40000,remote,428131257
40000,local,23381334
40000,remote,422334008
40000,local,30516812
40000,remote,433461022
40000,local,24076552
40000,remote,421071802
40000,local,23476240
40000,remote,422971073
40000,local,23346906
40000,remote,436811110
40000,local,25878708
40000,remote,457021839
40000,local,22886863
40000,remote,431712605
40000,local,25412582
40000,remote,425351321
40000,local,23895736
40000,remote,424912729
40000,local,23032036
40000,remote,424204616
40000,local,25073929
40000,remote,441135273
40000,local,23308963
40000,remote,429621285
40000,local,23468922
40000,remote,417096750
40000,local,24824455
40000,remote,425448848
40000,local,23072868
40000,remote,423968421
40000,local,23034653
40000,remote,420091424
40000,local,29911827
40000,remote,447298896
40000,local,26656897
40000,remote,423975905
40000,local,23299497
40000,remote,421954038
40000,local,28649668
40000,remote,423766674
40000,local,24736178
40000,remote,423161611
40000,local,22993571
40000,remote,426351858
40000,local,28656691
40000,remote,442075641
40000,local,23554440
40000,remote,426436255
40000,local,24599711
40000,remote,422743101
40000,local,23098304
40000,remote,422626963
40000,local,23567796
40000,remote,421193457
40000,local,24717874
40000,remote,426228199
40000,local,23385042
40000,remote,436743397
40000,local,23278729
40000,remote,429111174
40000,local,29354495
40000,remote,419787918
40000,local,24250198
40000,remote,424893905
40000,local,23131213
40000,remote,423342212
40000,local,23028753
40000,remote,420414420
40000,local,26348968
40000,remote,444693056
40000,local,24182541
40000,remote,425446189
40000,local,27251869
40000,remote,419466003
40000,local,25647553
40000,remote,424698565
40000,local,24204353
40000,remote,422993853
40000,local,23019875
40000,remote,426525374
40000,local,23604981
40000,remote,448431582
40000,local,24257275
40000,remote,427083663
40000,local,23209546
40000,remote,417148139
40000,local,23323311
40000,remote,434784090
40000,local,25378811
40000,remote,423118266
40000,local,27805488
40000,remote,421212857
40000,local,23619026
40000,remote,451558786
40000,local,28258831
40000,remote,422547521
40000,local,23106156
40000,remote,419593817
40000,local,29839951
40000,remote,437553442
40000,local,28590064
40000,remote,425260777
40000,local,23239483
40000,remote,420710271
40000,local,23372701
40000,remote,437875122
40000,local,31369769
40000,remote,428935039
40000,local,23239115
40000,remote,421873065
40000,local,28446069
40000,remote,428717550
40000,local,28199960
40000,remote,424439661
40000,local,23302365
40000,remote,441789430
40000,local,28741984
40000,remote,447599941
40000,local,23963592
40000,remote,425938997
40000,local,26039072
40000,remote,425677734
40000,local,23197858
40000,remote,425259176
40000,local,23691811
40000,remote,424996028
40000,local,24740219
40000,remote,427215924
40000,local,23965791
40000,remote,463386875
40000,local,28149586
40000,remote,423112258
40000,local,28649269
40000,remote,419270760
40000,local,23511571
40000,remote,426017033
40000,local,23066331
40000,remote,450860872
40000,local,23014363
40000,remote,421154325
40000,local,26697622
40000,remote,447981314
40000,local,23254544
40000,remote,428638562
40000,local,23462450
40000,remote,417846364
40000,local,29618945
40000,remote,429251957
40000,local,23260985
40000,remote,422003814
40000,local,23441551
40000,remote,423277095
40000,local,25774899
40000,remote,445715680
40000,local,26832121
40000,remote,423075535
40000,local,23382512
40000,remote,419806880
40000,local,31946350
40000,remote,426538355
40000,local,27203901
40000,remote,421979448
40000,local,23209168
40000,remote,421444777
40000,local,23642524
40000,remote,438273699
50000,local,35919157
50000,remote,553616009
50000,local,29261129
50000,remote,527609706
50000,local,31102158
50000,remote,543132472
50000,local,29305490
50000,remote,528988843
50000,local,30923603
50000,remote,539085851
50000,local,30334097
50000,remote,560151004
50000,local,29630908
50000,remote,536646850
50000,local,30795714
50000,remote,537354117
50000,local,29551264
50000,remote,537582686
50000,local,39029427
50000,remote,542478949
50000,local,29343345
50000,remote,533650677
50000,local,35299987
50000,remote,562970862
50000,local,31840826
50000,remote,547258301
50000,local,34119618
50000,remote,536066757
50000,local,29672932
50000,remote,537346811
50000,local,28902063
50000,remote,536979520
50000,local,30862587
50000,remote,540554032
50000,local,29138054
50000,remote,558126341
50000,local,31029178
50000,remote,540818224
50000,local,35626701
50000,remote,527777992
50000,local,29873390
50000,remote,541353498
50000,local,28917564
50000,remote,532130435
50000,local,31171494
50000,remote,536779640
50000,local,29237938
50000,remote,553195972
50000,local,30342030
50000,remote,609452697
50000,local,33346789
50000,remote,524090233
50000,local,31623996
50000,remote,549011717
50000,local,29198978
50000,remote,528251491
50000,local,29617159
50000,remote,541794012
50000,local,32204561
50000,remote,556737904
50000,local,35332631
50000,remote,543200306
50000,local,29263125
50000,remote,526445998
50000,local,34489834
50000,remote,544417500
50000,local,34665028
50000,remote,533114579
50000,local,29544558
50000,remote,539670804
50000,local,31405530
50000,remote,561487355
50000,local,29478820
50000,remote,541144818
50000,local,28950996
50000,remote,528104705
50000,local,31721976
50000,remote,538290759
50000,local,29549956
50000,remote,533870677
50000,local,34490180
50000,remote,534766252
50000,local,33938425
50000,remote,568551311
50000,local,31070185
50000,remote,536045786
50000,local,30309489
50000,remote,531059100
50000,local,29432477
50000,remote,551695270
50000,local,30358886
50000,remote,528561489
50000,local,29655466
50000,remote,540947070
50000,local,32154801
50000,remote,558977729
50000,local,34004233
50000,remote,535799811
50000,local,29227766
50000,remote,529024052
50000,local,28818675
50000,remote,548162715
50000,local,30435364
50000,remote,537463752
50000,local,29558890
50000,remote,533295079
50000,local,31689010
50000,remote,561304823
50000,local,33953203
50000,remote,534353216
50000,local,29307809
50000,remote,527549353
50000,local,29003186
50000,remote,535117970
50000,local,30801160
50000,remote,537098489
50000,local,29680175
50000,remote,553259497
50000,local,31022637
50000,remote,553204783
50000,local,35011073
50000,remote,536457303
50000,local,31566027
50000,remote,532641139
50000,local,33169889
50000,remote,533570851
50000,local,34353714
50000,remote,530303136
50000,local,31259461
50000,remote,556823421
50000,local,29703188
50000,remote,568508116
50000,local,30478990
50000,remote,539735222
50000,local,29342859
50000,remote,528322990
50000,local,31440561
50000,remote,537851452
50000,local,28956993
50000,remote,559982941
50000,local,29564193
50000,remote,535194107
50000,local,32266166
50000,remote,560269497
50000,local,29603321
50000,remote,536471081
50000,local,33349912
50000,remote,526343048
50000,local,31985339
50000,remote,559604045
50000,local,29176799
50000,remote,529315906
50000,local,34012769
50000,remote,533185011
50000,local,32277155
50000,remote,560194832
50000,local,33918900
50000,remote,546729958
50000,local,29394209
50000,remote,529374423
50000,local,30909289
50000,remote,536173252
50000,local,28923946
50000,remote,531204553
50000,local,31632614
50000,remote,542447961
50000,local,29589516
50000,remote,559712934
50000,local,29173189
50000,remote,540544301
50000,local,31599787
50000,remote,533523823
50000,local,32701499
50000,remote,534205895
50000,local,29238775
50000,remote,530054787
50000,local,31716407
50000,remote,538196592
50000,local,29578864
50000,remote,555679075
50000,local,29365034
50000,remote,540552425
50000,local,31702673
50000,remote,541701834
50000,local,32546066
50000,remote,532901117
50000,local,29256210
50000,remote,530149607
50000,local,31988471
50000,remote,541934386
50000,local,29635183
50000,remote,557314563
50000,local,29169735
50000,remote,536970038
50000,local,30931862
50000,remote,554875988
50000,local,29211033
50000,remote,534726654
50000,local,30677755
50000,remote,538488585
50000,local,29621894
50000,remote,540501100
50000,local,30389639
50000,remote,578528209
50000,local,30721289
50000,remote,535762273
50000,local,28764388
50000,remote,528813020
50000,local,31004809
50000,remote,537689494
50000,local,28895831
50000,remote,531980931
50000,local,29058860
50000,remote,533980323
50000,local,32517595
50000,remote,563203773
60000,local,35662783
60000,remote,662768914
60000,local,35092997
60000,remote,668262004
60000,local,37792021
60000,remote,658465408
60000,local,34875910
60000,remote,644493391
60000,local,38890434
60000,remote,651473510
60000,local,35984311
60000,remote,678041486
60000,local,35656890
60000,remote,671650144
60000,local,36171532
60000,remote,685029456
60000,local,36758675
60000,remote,652587229
60000,local,41135841
60000,remote,646920086
60000,local,34666157
60000,remote,645807404
60000,local,39019773
60000,remote,687349948
60000,local,41614970
60000,remote,653322669
60000,local,36639839
60000,remote,648467125
60000,local,37478484
60000,remote,655350487
60000,local,35073354
60000,remote,642599613
60000,local,36563937
60000,remote,648186726
60000,local,39768175
60000,remote,681598126
60000,local,35100847
60000,remote,650967275
60000,local,37769824
60000,remote,652209898
60000,local,36860444
60000,remote,659620678
60000,local,34538362
60000,remote,646206565
60000,local,37238599
60000,remote,651894980
60000,local,35832938
60000,remote,675476375
60000,local,38476911
60000,remote,670368698
60000,local,35510950
60000,remote,647574942
60000,local,38810151
60000,remote,655162098
60000,local,39227638
60000,remote,645672655
60000,local,36577012
60000,remote,649035456
60000,local,38541746
60000,remote,680013884
60000,local,35200476
60000,remote,656254787
60000,local,38798310
60000,remote,667402409
60000,local,35174030
60000,remote,652017608
60000,local,34886527
60000,remote,643466613
60000,local,40114758
60000,remote,654430319
60000,local,35147474
60000,remote,673563710
60000,local,40505171
60000,remote,654758314
60000,local,36622859
60000,remote,647481719
60000,local,37366896
60000,remote,655596606
60000,local,39092141
60000,remote,645464846
60000,local,36595417
60000,remote,649666603
60000,local,37852584
60000,remote,690909060
60000,local,40817736
60000,remote,653500991
60000,local,36843633
60000,remote,648547279
60000,local,38415622
60000,remote,660173424
60000,local,36191667
60000,remote,646112413
60000,local,36524539
60000,remote,647905867
60000,local,38645189
60000,remote,678489267
60000,local,35464379
60000,remote,653755554
60000,local,34658266
60000,remote,660445489
60000,local,37236985
60000,remote,650902528
60000,local,35290273
60000,remote,646346067
60000,local,38691825
60000,remote,652646118
60000,local,35423573
60000,remote,675748884
60000,local,49840208
60000,remote,657272665
60000,local,36881139
60000,remote,649625803
60000,local,36662580
60000,remote,652424884
60000,local,41118061
60000,remote,647943048
60000,local,34834416
60000,remote,647595680
60000,local,39288896
60000,remote,699544768
60000,local,41131527
60000,remote,652696088
60000,local,37291523
60000,remote,650597837
60000,local,37426684
60000,remote,656515323
60000,local,34716371
60000,remote,644460622
60000,local,35516479
60000,remote,649035278
60000,local,37886004
60000,remote,735300202
60000,local,40629805
60000,remote,654143602
60000,local,36990895
60000,remote,652819095
60000,local,36495970
60000,remote,652391627
60000,local,39109928
60000,remote,645655388
60000,local,38585518
60000,remote,699308380
60000,local,36714939
60000,remote,692510689
60000,local,36671968
60000,remote,652977991
60000,local,36892368
60000,remote,665425294
60000,local,35282078
60000,remote,651973695
60000,local,39394453
60000,remote,649605179
60000,local,36118242
60000,remote,648010718
60000,local,38246521
60000,remote,696966070
60000,local,35314387
60000,remote,663892684
60000,local,37749107
60000,remote,661475968
60000,local,35558852
60000,remote,666034109
60000,local,36366115
60000,remote,642784770
60000,local,35312562
60000,remote,649299673
60000,local,39044838
60000,remote,677935092
60000,local,34900044
60000,remote,653329638
60000,local,36496539
60000,remote,648479745
60000,local,36136838
60000,remote,670293588
60000,local,40136094
60000,remote,661684601
60000,local,38666810
60000,remote,652321910
60000,local,35211548
60000,remote,674676816
60000,local,37854224
60000,remote,656635674
60000,local,36743165
60000,remote,649699533
60000,local,36261992
60000,remote,654296689
60000,local,38264733
60000,remote,648268144
60000,local,36555991
60000,remote,650003698
60000,local,35657237
60000,remote,676293085
60000,local,38203181
60000,remote,656262251
60000,local,35117093
60000,remote,647793264
60000,local,38534091
60000,remote,657862258
60000,local,36231905
60000,remote,643748579
60000,local,36453875
60000,remote,647370116
60000,local,36451005
60000,remote,691165377
60000,local,36284733
60000,remote,651953531
60000,local,36178348
60000,remote,650065078
60000,local,36133978
60000,remote,658692569
60000,local,34814775
60000,remote,651349671
60000,local,35405861
60000,remote,650347334
60000,local,36411374
60000,remote,679041059
70000,local,42834160
70000,remote,765291787
70000,local,40844521
70000,remote,763558287
70000,local,40716020
70000,remote,773801591
70000,local,43737680
70000,remote,763815237
70000,local,40686813
70000,remote,766742208
70000,local,41804399
70000,remote,793815874
70000,local,42871581
70000,remote,769438621
70000,local,41720471
70000,remote,801244155
70000,local,41327764
70000,remote,778314798
70000,local,40555780
70000,remote,760135654
70000,local,45510818
70000,remote,765283776
70000,local,41399866
70000,remote,797681217
70000,local,40282320
70000,remote,774806250
70000,local,40772365
70000,remote,783547741
70000,local,40601791
70000,remote,770723330
70000,local,41572821
70000,remote,784510701
70000,local,41404138
70000,remote,782181016
70000,local,43574755
70000,remote,870499325
70000,local,40427900
70000,remote,762201926
70000,local,41962406
70000,remote,771857366
70000,local,40606083
70000,remote,765375372
70000,local,42329417
70000,remote,784965951
70000,local,40507630
70000,remote,763397290
70000,local,41627803
70000,remote,795610613
70000,local,41482522
70000,remote,778144391
70000,local,41031760
70000,remote,763656104
70000,local,42056338
70000,remote,770021552
70000,local,41925556
70000,remote,758907819
70000,local,41268851
70000,remote,767165059
70000,local,40922215
70000,remote,794258835
70000,local,41559366
70000,remote,763252095
70000,local,40408626
70000,remote,763066174
70000,local,40845886
70000,remote,774829340
70000,local,40602009
70000,remote,763238037
70000,local,41860204
70000,remote,765106396
70000,local,40940587
70000,remote,801120209
70000,local,40400862
70000,remote,762035759
70000,local,40226960
70000,remote,769314105
70000,local,41992479
70000,remote,771806470
70000,local,40264796
70000,remote,764594299
70000,local,41054555
70000,remote,767247762
70000,local,41999159
70000,remote,815466300
70000,local,41548715
70000,remote,760716248
70000,local,42512701
70000,remote,766101734
70000,local,41181380
70000,remote,766026093
70000,local,40605770
70000,remote,762552413
70000,local,47626502
70000,remote,769209523
70000,local,42989655
70000,remote,793524949
70000,local,41293056
70000,remote,764969093
70000,local,41822597
70000,remote,769363615
70000,local,40660816
70000,remote,769878694
70000,local,44018434
70000,remote,761509288
70000,local,42867858
70000,remote,771781497
70000,local,43203051
70000,remote,800305722
70000,local,43272823
70000,remote,764248691
70000,local,41543739
70000,remote,769470825
70000,local,42453796
70000,remote,765148666
70000,local,41410022
70000,remote,764434491
70000,local,41416847
70000,remote,765263800
70000,local,40987195
70000,remote,799300374
70000,local,42138563
70000,remote,765637217
70000,local,42154487
70000,remote,765801116
70000,local,41650836
70000,remote,767522987
70000,local,40385897
70000,remote,764891780
70000,local,40473678
70000,remote,762047257
70000,local,43880429
70000,remote,796712581
70000,local,41454231
70000,remote,767807447
70000,local,42507484
70000,remote,761848487
70000,local,44783657
70000,remote,784088756
70000,local,40479123
70000,remote,760799743
70000,local,49295665
70000,remote,761587820
70000,local,42512968
70000,remote,794910581
70000,local,40273420
70000,remote,761674686
70000,local,41802115
70000,remote,776172863
70000,local,40775056
70000,remote,765392669
70000,local,41645300
70000,remote,760411225
70000,local,41722003
70000,remote,764270199
70000,local,41679058
70000,remote,795078586
70000,local,42872107
70000,remote,763115089
70000,local,41249439
70000,remote,760941578
70000,local,41134741
70000,remote,765908163
70000,local,42638458
70000,remote,765744793
70000,local,40327700
70000,remote,768240846
70000,local,43124993
70000,remote,797113899
70000,local,41751882
70000,remote,759510265
70000,local,42308173
70000,remote,768662683
70000,local,41963058
70000,remote,772701688
70000,local,42265928
70000,remote,768366459
70000,local,42142692
70000,remote,765339775
70000,local,41387737
70000,remote,801185482
70000,local,41654816
70000,remote,760423951
70000,local,40823797
70000,remote,763593589
70000,local,40936532
70000,remote,789557944
70000,local,40543642
70000,remote,758465704
70000,local,40501138
70000,remote,760542120
70000,local,41629193
70000,remote,801509076
70000,local,41845430
70000,remote,760602349
70000,local,41761814
70000,remote,768649876
70000,local,40705716
70000,remote,765655371
70000,local,40658265
70000,remote,765072105
70000,local,40468200
70000,remote,760562446
70000,local,41744852
70000,remote,822746728
70000,local,43491224
70000,remote,759593338
70000,local,42146025
70000,remote,796239848
70000,local,43169889
70000,remote,771376626
70000,local,40614908
70000,remote,759832006
70000,local,40547596
70000,remote,763978756
70000,local,43264833
70000,remote,797685599
80000,local,47218724
80000,remote,885686017
80000,local,48345113
80000,remote,882175930
80000,local,47203138
80000,remote,884135623
80000,local,46344165
80000,remote,883266451
80000,local,47841157
80000,remote,881040140
80000,local,48717613
80000,remote,926126975
80000,local,46543199
80000,remote,876637743
80000,local,46652131
80000,remote,885822165
80000,local,46988819
80000,remote,882017073
80000,local,48684252
80000,remote,880517479
80000,local,46344508
80000,remote,876707045
80000,local,51054894
80000,remote,916242225
80000,local,48263871
80000,remote,876195245
80000,local,47361839
80000,remote,890896968
80000,local,46225979
80000,remote,880431944
80000,local,47763835
80000,remote,876137362
80000,local,49468983
80000,remote,882840996
80000,local,49365293
80000,remote,913541766
80000,local,48919412
80000,remote,898728286
80000,local,47570215
80000,remote,884189919
80000,local,46348180
80000,remote,905440754
80000,local,46389089
80000,remote,874808077
80000,local,48054620
80000,remote,880130454
80000,local,47642807
80000,remote,921674161
80000,local,47075836
80000,remote,883860782
80000,local,49569847
80000,remote,882121265
80000,local,46210534
80000,remote,883066717
80000,local,49478146
80000,remote,887426723
80000,local,46315246
80000,remote,876887115
80000,local,48083671
80000,remote,916767160
80000,local,46375974
80000,remote,875138604
80000,local,46070142
80000,remote,880842171
80000,local,47914754
80000,remote,890781931
80000,local,46149826
80000,remote,876462592
80000,local,47676962
80000,remote,894823238
80000,local,46804787
80000,remote,919252408
80000,local,46299047
80000,remote,876189909
80000,local,46140129
80000,remote,882296468
80000,local,47339194
80000,remote,885985159
80000,local,46454081
80000,remote,874540052
80000,local,47811561
80000,remote,884235854
80000,local,47387279
80000,remote,926602402
80000,local,46286883
80000,remote,876808129
80000,local,47968656
80000,remote,883542668
80000,local,46535013
80000,remote,884322740
80000,local,48089248
80000,remote,879830949
80000,local,46093263
80000,remote,877662221
80000,local,50784826
80000,remote,916365468
80000,local,48282272
80000,remote,876311210
80000,local,46909755
80000,remote,884606200
80000,local,49273342
80000,remote,894963360
80000,local,46304997
80000,remote,874820367
80000,local,48683016
80000,remote,906193258
80000,local,47536018
80000,remote,924234529
80000,local,46238760
80000,remote,875400050
80000,local,47573742
80000,remote,884429325
80000,local,46592918
80000,remote,889086326
80000,local,46273620
80000,remote,874854873
80000,local,46287389
80000,remote,891340247
80000,local,50668756
80000,remote,929175627
80000,local,48329675
80000,remote,880275854
80000,local,47553481
80000,remote,890402918
80000,local,46310317
80000,remote,880559769
80000,local,47838250
80000,remote,879157982
80000,local,47870542
80000,remote,884556147
80000,local,50000660
80000,remote,911267045
80000,local,48110087
80000,remote,878017671
80000,local,47663977
80000,remote,886459944
80000,local,46281456
80000,remote,883557781
80000,local,47813494
80000,remote,898632158
80000,local,46978451
80000,remote,876892999
80000,local,48685724
80000,remote,925069678
80000,local,46168520
80000,remote,878675354
80000,local,46493619
80000,remote,888618993
80000,local,47741941
80000,remote,882422667
80000,local,48161748
80000,remote,879738879
80000,local,46168138
80000,remote,877322000
80000,local,50758972
80000,remote,923503792
80000,local,48646763
80000,remote,878990707
80000,local,47515503
80000,remote,883914924
80000,local,46412804
80000,remote,882145344
80000,local,48117953
80000,remote,876753040
80000,local,47563040
80000,remote,879400573
80000,local,49337757
80000,remote,911692204
80000,local,48213081
80000,remote,881685566
80000,local,48717234
80000,remote,877747038
80000,local,47642714
80000,remote,888684046
80000,local,46155277
80000,remote,873518351
80000,local,46134147
80000,remote,876459390
80000,local,48461939
80000,remote,940424061
80000,local,47784418
80000,remote,879588990
80000,local,49639376
80000,remote,912525611
80000,local,49602962
80000,remote,886677608
80000,local,46829589
80000,remote,874296830
80000,local,49470591
80000,remote,880879737
80000,local,47123669
80000,remote,917816858
80000,local,48551209
80000,remote,887761314
80000,local,46297683
80000,remote,882240925
80000,local,48666121
80000,remote,883990836
80000,local,48025659
80000,remote,981669107
80000,local,46302868
80000,remote,875504653
80000,local,51615675
80000,remote,916110432
80000,local,48960956
80000,remote,880586624
80000,local,47031549
80000,remote,881745562
80000,local,52147447
80000,remote,898563144
80000,local,46420200
80000,remote,874588721
80000,local,46269442
80000,remote,878168970
80000,local,53847900
80000,remote,923126445
90000,local,52578765
90000,remote,1008148343
90000,local,54901986
90000,remote,1002729167
90000,local,56399398
90000,remote,991425297
90000,local,55237142
90000,remote,1001291723
90000,local,55202003
90000,remote,1020793754
90000,local,53146569
90000,remote,1041206288
90000,local,57709029
90000,remote,1005902292
90000,local,53784239
90000,remote,997720947
90000,local,53560536
90000,remote,997467312
90000,local,57406431
90000,remote,995436675
90000,local,53390803
90000,remote,996523923
90000,local,55399661
90000,remote,1043995497
90000,local,55772095
90000,remote,993287197
90000,local,56909408
90000,remote,998715485
90000,local,53563366
90000,remote,1000493945
90000,local,53292580
90000,remote,1016754861
90000,local,55101937
90000,remote,998771993
90000,local,57218883
90000,remote,1049756859
90000,local,53609935
90000,remote,999521496
90000,local,53666691
90000,remote,1036008106
90000,local,56157011
90000,remote,999468071
90000,local,55208971
90000,remote,1003082067
90000,local,58409623
90000,remote,998993672
90000,local,56609623
90000,remote,1037317502
90000,local,58201894
90000,remote,1001988548
90000,local,53529241
90000,remote,997139124
90000,local,55209094
90000,remote,1003039040
90000,local,57040913
90000,remote,1002236994
90000,local,53154140
90000,remote,992546161
90000,local,55354818
90000,remote,1081319701
90000,local,55930765
90000,remote,992661127
90000,local,57226756
90000,remote,997260073
90000,local,53820688
90000,remote,996810143
90000,local,53120374
90000,remote,1012016833
90000,local,54834891
90000,remote,996264385
90000,local,56673075
90000,remote,1030717150
90000,local,52645949
90000,remote,998226668
90000,local,55786747
90000,remote,996756468
90000,local,56683370
90000,remote,1001190931
90000,local,55229565
90000,remote,988425949
90000,local,57955716
90000,remote,1003011524
90000,local,56740998
90000,remote,1030439449
90000,local,58383127
90000,remote,998399441
90000,local,53544380
90000,remote,1000265139
90000,local,56489244
90000,remote,1026971049
90000,local,54783926
90000,remote,989894967
90000,local,54288405
90000,remote,1012625314
90000,local,57834909
90000,remote,1031768162
90000,local,54090891
90000,remote,998832065
90000,local,56590461
90000,remote,1000047288
90000,local,56308288
90000,remote,993090477
90000,local,57174264
90000,remote,994720310
90000,local,53754206
90000,remote,995355621
90000,local,54815269
90000,remote,1040875559
90000,local,52998745
90000,remote,1010381399
90000,local,57145145
90000,remote,1001929856
90000,local,53402356
90000,remote,1007102389
90000,local,53967695
90000,remote,1006686845
90000,local,56711247
90000,remote,1002902951
90000,local,55086887
90000,remote,1039850396
90000,local,57218682
90000,remote,1034599819
90000,local,53035183
90000,remote,1000889841
90000,local,54990835
90000,remote,1010845318
90000,local,55354834
90000,remote,1001416884
90000,local,54215740
90000,remote,1012649597
90000,local,53309707
90000,remote,1044680787
90000,local,54214084
90000,remote,1019314016
90000,local,54174902
90000,remote,1010365793
90000,local,57450874
90000,remote,999402446
90000,local,55575777
90000,remote,986074450
90000,local,53778935
90000,remote,1009727320
90000,local,55325733
90000,remote,1035310555
90000,local,55303986
90000,remote,1010550137
90000,local,54906693
90000,remote,997385978
90000,local,57208879
90000,remote,1002471679
90000,local,52725952
90000,remote,990536657
90000,local,53829394
90000,remote,997065542
90000,local,56856463
90000,remote,1048203209
90000,local,55378118
90000,remote,992510296
90000,local,54492182
90000,remote,1000338523
90000,local,56302303
90000,remote,993814971
90000,local,56431087
90000,remote,995350773
90000,local,52972163
90000,remote,1001925143
90000,local,55281550
90000,remote,1048693078
90000,local,55641320
90000,remote,992580595
90000,local,56448533
90000,remote,1008698623
90000,local,53574582
90000,remote,996042582
90000,local,54306024
90000,remote,995740204
90000,local,56447739
90000,remote,1003482365
90000,local,53392009
90000,remote,1041755711
90000,local,52920011
90000,remote,996318109
90000,local,57363172
90000,remote,997858972
90000,local,53773514
90000,remote,998653607
90000,local,55996332
90000,remote,998022752
90000,local,54296360
90000,remote,994995667
90000,local,56273005
90000,remote,1038989187
90000,local,52837683
90000,remote,1004807714
90000,local,53376990
90000,remote,997295335
90000,local,56018015
90000,remote,1008913866
90000,local,54976473
90000,remote,994429873
90000,local,55648507
90000,remote,1005776706
90000,local,54942413
90000,remote,1033128292
90000,local,56041109
90000,remote,1015016295
90000,local,55882665
90000,remote,989551281
90000,local,57028986
90000,remote,1003376728
90000,local,52805427
90000,remote,989413878
90000,local,53720211
90000,remote,1002895053
90000,local,57715062
90000,remote,1041295876
